nm_id,date,openCount,cartCount,orderCount,orderSum,buyoutCount,buyoutSum,buyoutPercent,addToCartConversion,cartToOrderConversion,addToWishlistCount
386248405,2026-09-23,2112,205,45,245254,30,163501,91,10,22,53
386248405,2026-09-24,1910,217,39,212551,26,141700,87,11,18,37
386248405,2026-09-25,1956,164,43,234351,23,125350,96,8,26,35
386248405,2026-09-26,2818,207,32,174400,18,98100,82,7,15,36
386248405,2026-09-27,2671,207,45,245251,10,54500,77,8,22,48
386248405,2026-09-28,2466,206,31,168951,7,38150,100,8,15,32
386248405,2026-09-29,2537,202,29,158050,0,0,0,8,14,45
147866642,2026-09-23,1331,244,91,60064,70,46203,96,18,37,45
147866642,2026-09-24,1300,249,104,70115,73,49081,95,19,42,59
147866642,2026-09-25,1334,204,91,62792,43,29671,81,15,45,54
147866642,2026-09-26,1314,222,80,56470,32,22482,97,17,36,55
147866642,2026-09-27,1480,234,86,62003,12,8651,92,16,37,52
147866642,2026-09-28,1177,195,67,49615,11,8134,85,17,34,47
147866642,2026-09-29,1280,214,88,66006,1,750,50,17,41,48
1138944672,2026-09-23,574,61,14,47615,12,40812,86,11,23,9
1138944672,2026-09-24,527,71,18,61217,9,30609,90,13,25,20
1138944672,2026-09-25,547,71,10,34010,7,23807,100,13,14,8
1138944672,2026-09-26,454,56,21,71420,10,34010,100,12,38,19
1138944672,2026-09-27,524,44,21,71421,13,44213,100,8,48,10
1138944672,2026-09-28,521,58,28,95228,4,13604,67,11,48,7
1138944672,2026-09-29,596,62,24,81623,1,3401,100,10,39,11
